weapon_name,upgrade_name,hint,cost,weaponVO,weaponVOresp,ammo_cost,create_vox,obsolete_false,in_box,upgrade_in_box,is_limited,limit,upgrade_limit,obsolete2_false,wallbuy_autospawn,class,is_aat_exempt,is_wonder_weapon,force_attachments
pistol_standard,pistol_standard_upgraded,,50,pistol,,0,,,FALSE,FALSE,TRUE,0,,FALSE,FALSE,pistol,TRUE,,
bouncingbetty,,,1000,betty,,,,,FALSE,FALSE,FALSE,,,FALSE,TRUE,grenade,,,
cymbal_monkey,,,2000,monkey,,,,,TRUE,FALSE,FALSE,,,FALSE,TRUE,grenade,,,
frag_grenade,,,250,grenade,,250,,,FALSE,FALSE,FALSE,,,FALSE,TRUE,grenade,,,
knife,,,0,,,0,,,FALSE,FALSE,,,,FALSE,FALSE,special,,,
bowie_knife,,,3000,wpck_bowie,,,,,FALSE,FALSE,,,,FALSE,FALSE,special,,,
ray_gun,ray_gun_upgraded,,10000,wpck_ray,,,,,TRUE,FALSE,FALSE,,,FALSE,TRUE,special,TRUE,TRUE,
tesla_gun,tesla_gun_upgraded,,10000,tesla,,,,,TRUE,FALSE,TRUE,1,,FALSE,TRUE,special,TRUE,TRUE,
launcher_standard,launcher_standard_upgraded,,10000,,,,,,TRUE,FALSE,FALSE,,,FALSE,TRUE,special,TRUE,,
zod_riotshield,zod_riotshield_upgraded,,500,,,,,,FALSE,FALSE,FALSE,,,FALSE,TRUE,special,TRUE,,
hero_gravityspikes_melee,hero_gravityspikes_melee,,500,,,,,,FALSE,FALSE,FALSE,,,FALSE,TRUE,special,TRUE,,
pistol_revolver38,pistol_revolver38_upgraded,,50,pistol,,0,,,FALSE,FALSE,TRUE,0,,FALSE,FALSE,pistol,TRUE,,
octobomb,octobomb_upgraded,,2000,octobomb,,0,,,TRUE,FALSE,FALSE,,,FALSE,FALSE,grenade,,,
raygun_mark3,raygun_mark3_upgraded,,10000,ray3,,0,,,TRUE,FALSE,TRUE,1,,FALSE,FALSE,special,TRUE,TRUE,
special_crossbow_dw,special_crossbow_dw_upgraded,,5000,dual,,,,,TRUE,FALSE,FALSE,,,FALSE,FALSE,special,TRUE,,
thundergun,thundergun_upgraded,,10000,thundergun,,,,,TRUE,FALSE,TRUE,1,,FALSE,TRUE,special,TRUE,TRUE,
launcher_multi,launcher_multi_upgraded,,5000,launcher,,,,,TRUE,FALSE,FALSE,,,FALSE,TRUE,special,TRUE,,
t9_krig6,t9_krig6_up,,1500,rifle,,,,,TRUE,FALSE,FALSE,,,FALSE,TRUE,rifle,,,
t9_mp5,t9_mp5_up,,1300,smg,,,,,TRUE,FALSE,FALSE,,,FALSE,TRUE,smg,,,
t9_streetsweeper,t9_streetsweeper_up,,1500,shotgun,,,,,TRUE,FALSE,FALSE,,,FALSE,TRUE,shotgun,,,
s1_mahem,s1_mahem_up,,3000,launcher,,,,,FALSE,FALSE,FALSE,,,FALSE,TRUE,launcher,TRUE,,
t9_amp63_b,t9_amp63_rdw_up_b,,500,pistol,,0,,,FALSE,FALSE,FALSE,,,FALSE,FALSE,pistol,,,
t9_magnum,t9_magnum_up,,500,pistol,,0,,,FALSE,FALSE,FALSE,,,FALSE,FALSE,pistol,,,
s1_bulldog,s1_bulldog_up,,500,shotgun,,0,,,FALSE,FALSE,FALSE,,,FALSE,FALSE,shotgun,,,
s4_klauser_b,s4_klauser_up_b,,500,pistol,,,,,FALSE,FALSE,FALSE,,,FALSE,TRUE,pistol,,,
t9_mp5_h0,t9_mp5_up_h0,,1300,smg,,,,,FALSE,FALSE,FALSE,,,FALSE,TRUE,smg,,,
t9_mp5_h1,t9_mp5_up_h1,,1300,smg,,,,,FALSE,FALSE,FALSE,,,FALSE,TRUE,smg,,,
t9_mp5_h2,t9_mp5_up_h2,,1300,smg,,,,,FALSE,FALSE,FALSE,,,FALSE,TRUE,smg,,,
t9_mp5_h3,t9_mp5_up_h3,,1300,smg,,,,,FALSE,FALSE,FALSE,,,FALSE,TRUE,smg,,,
t9_krig6_r0m0,t9_krig6_up_r0m0,,1500,rifle,,,,,FALSE,FALSE,FALSE,,,FALSE,TRUE,rifle,,,
t9_krig6_r0m1,t9_krig6_up_r0m1,,1500,rifle,,,,,FALSE,FALSE,FALSE,,,FALSE,TRUE,rifle,,,
t9_krig6_r0m2,t9_krig6_up_r0m2,,1500,rifle,,,,,FALSE,FALSE,FALSE,,,FALSE,TRUE,rifle,,,
t9_krig6_r0m3,t9_krig6_up_r0m3,,1500,rifle,,,,,FALSE,FALSE,FALSE,,,FALSE,TRUE,rifle,,,
t9_krig6_r1m0,t9_krig6_up_r1m0,,1500,rifle,,,,,FALSE,FALSE,FALSE,,,FALSE,TRUE,rifle,,,
t9_krig6_r1m1,t9_krig6_up_r1m1,,1500,rifle,,,,,FALSE,FALSE,FALSE,,,FALSE,TRUE,rifle,,,
t9_krig6_r1m2,t9_krig6_up_r1m2,,1500,rifle,,,,,FALSE,FALSE,FALSE,,,FALSE,TRUE,rifle,,,
t9_krig6_r1m3,t9_krig6_up_r1m3,,1500,rifle,,,,,FALSE,FALSE,FALSE,,,FALSE,TRUE,rifle,,,
t9_krig6_r2m0,t9_krig6_up_r2m0,,1500,rifle,,,,,FALSE,FALSE,FALSE,,,FALSE,TRUE,rifle,,,
t9_krig6_r2m1,t9_krig6_up_r2m1,,1500,rifle,,,,,FALSE,FALSE,FALSE,,,FALSE,TRUE,rifle,,,
t9_krig6_r2m2,t9_krig6_up_r2m2,,1500,rifle,,,,,FALSE,FALSE,FALSE,,,FALSE,TRUE,rifle,,,
t9_krig6_r2m3,t9_krig6_up_r2m3,,1500,rifle,,,,,FALSE,FALSE,FALSE,,,FALSE,TRUE,rifle,,,
t6_mk48_p0,t6_mk48_up_p0,,1500,lmg,,,,,FALSE,FALSE,FALSE,,,FALSE,TRUE,lmg,,,
t6_mk48_p1,t6_mk48_up_p1,,1500,lmg,,,,,FALSE,FALSE,FALSE,,,FALSE,TRUE,lmg,,,
t6_mk48_p2,t6_mk48_up_p2,,1500,lmg,,,,,FALSE,FALSE,FALSE,,,FALSE,TRUE,lmg,,,
t9_me_baseballbat_k0,t9_me_baseballbat_up_k0,,3000,wpck_bowie,,,,,FALSE,FALSE,FALSE,,,FALSE,FALSE,special,,,
t9_me_baseballbat_k1,t9_me_baseballbat_up_k1,,3000,wpck_bowie,,,,,FALSE,FALSE,FALSE,,,FALSE,FALSE,special,,,
t9_me_baseballbat_k2,t9_me_baseballbat_up_k2,,3000,wpck_bowie,,,,,FALSE,FALSE,FALSE,,,FALSE,FALSE,special,,,
t9_me_baseballbat_k3,t9_me_baseballbat_up_k3,,3000,wpck_bowie,,,,,FALSE,FALSE,FALSE,,,FALSE,FALSE,special,,,
t9_me_baseballbat_k4,t9_me_baseballbat_up_k4,,3000,wpck_bowie,,,,,FALSE,FALSE,FALSE,,,FALSE,FALSE,special,,,
t9_me_baseballbat_k5,t9_me_baseballbat_up_k5,,3000,wpck_bowie,,,,,FALSE,FALSE,FALSE,,,FALSE,FALSE,special,,,
t6_msmc_f0h0,t6_msmc_up_f0h0,,1350,smg,,,,,FALSE,FALSE,FALSE,,,FALSE,TRUE,smg,,,
t6_msmc_f0h1,t6_msmc_up_f0h1,,1350,smg,,,,,FALSE,FALSE,FALSE,,,FALSE,TRUE,smg,,,
t6_msmc_f0h2,t6_msmc_up_f0h2,,1350,smg,,,,,FALSE,FALSE,FALSE,,,FALSE,TRUE,smg,,,
t6_msmc_f0h3,t6_msmc_up_f0h3,,1350,smg,,,,,FALSE,FALSE,FALSE,,,FALSE,TRUE,smg,,,
t6_msmc_f1h0,t6_msmc_up_f1h0,,1350,smg,,,,,FALSE,FALSE,FALSE,,,FALSE,TRUE,smg,,,
t6_msmc_f1h1,t6_msmc_up_f1h1,,1350,smg,,,,,FALSE,FALSE,FALSE,,,FALSE,TRUE,smg,,,
t6_msmc_f1h2,t6_msmc_up_f1h2,,1350,smg,,,,,FALSE,FALSE,FALSE,,,FALSE,TRUE,smg,,,
t6_msmc_f1h3,t6_msmc_up_f1h3,,1350,smg,,,,,FALSE,FALSE,FALSE,,,FALSE,TRUE,smg,,,
t6_msmc_f2h0,t6_msmc_up_f2h0,,1350,smg,,,,,FALSE,FALSE,FALSE,,,FALSE,TRUE,smg,,,
t6_msmc_f2h1,t6_msmc_up_f2h1,,1350,smg,,,,,FALSE,FALSE,FALSE,,,FALSE,TRUE,smg,,,
t6_msmc_f2h2,t6_msmc_up_f2h2,,1350,smg,,,,,FALSE,FALSE,FALSE,,,FALSE,TRUE,smg,,,
t6_msmc_f2h3,t6_msmc_up_f2h3,,1350,smg,,,,,FALSE,FALSE,FALSE,,,FALSE,TRUE,smg,,,
t6_msmc_f3h0,t6_msmc_up_f3h0,,1350,smg,,,,,FALSE,FALSE,FALSE,,,FALSE,TRUE,smg,,,
t6_msmc_f3h1,t6_msmc_up_f3h1,,1350,smg,,,,,FALSE,FALSE,FALSE,,,FALSE,TRUE,smg,,,
t6_msmc_f3h2,t6_msmc_up_f3h2,,1350,smg,,,,,FALSE,FALSE,FALSE,,,FALSE,TRUE,smg,,,
t6_msmc_f3h3,t6_msmc_up_f3h3,,1350,smg,,,,,FALSE,FALSE,FALSE,,,FALSE,TRUE,smg,,,
t6_mp7_h0,t6_mp7_up_h0,,1300,smg,,,,,FALSE,FALSE,FALSE,,,FALSE,TRUE,smg,,,
t6_mp7_h1,t6_mp7_up_h1,,1300,smg,,,,,FALSE,FALSE,FALSE,,,FALSE,TRUE,smg,,,
t6_mp7_h2,t6_mp7_up_h2,,1300,smg,,,,,FALSE,FALSE,FALSE,,,FALSE,TRUE,smg,,,
t6_mp7_h3,t6_mp7_up_h3,,1300,smg,,,,,FALSE,FALSE,FALSE,,,FALSE,TRUE,smg,,,
s1_bulldog_b,s1_bulldog_up_b,,500,shotgun,,,,,FALSE,FALSE,FALSE,,,FALSE,TRUE,shotgun,,,
t8_sg12_b,t8_sg12_up_b,,500,shotgun,,,,,FALSE,FALSE,FALSE,,,FALSE,TRUE,shotgun,,,
t6_spas12_b,t6_spas12_up_b,,500,shotgun,,,,,FALSE,FALSE,FALSE,,,FALSE,TRUE,shotgun,,,
t9_magnum_b,t9_magnum_up_b,,500,pistol,,,,,FALSE,FALSE,FALSE,,,FALSE,TRUE,pistol,,,
t8_mog12_b,t8_mog12_up_b,,500,shotgun,,,,,FALSE,FALSE,FALSE,,,FALSE,TRUE,shotgun,,,
t6_executioner_b,t6_executioner_rdw_up_b,,500,pistol,,,,,FALSE,FALSE,FALSE,,,FALSE,TRUE,pistol,,,
t5_enfield_r0m0,t5_enfield_up_r0m0,,1250,rifle,,,,,FALSE,FALSE,FALSE,,,FALSE,TRUE,rifle,,,
t5_enfield_r0m1,t5_enfield_up_r0m1,,1250,rifle,,,,,FALSE,FALSE,FALSE,,,FALSE,TRUE,rifle,,,
t5_enfield_r0m2,t5_enfield_up_r0m2,,1250,rifle,,,,,FALSE,FALSE,FALSE,,,FALSE,TRUE,rifle,,,
t5_enfield_r0m3,t5_enfield_up_r0m3,,1250,rifle,,,,,FALSE,FALSE,FALSE,,,FALSE,TRUE,rifle,,,
t5_enfield_r1m0,t5_enfield_up_r1m0,,1250,rifle,,,,,FALSE,FALSE,FALSE,,,FALSE,TRUE,rifle,,,
t5_enfield_r1m1,t5_enfield_up_r1m1,,1250,rifle,,,,,FALSE,FALSE,FALSE,,,FALSE,TRUE,rifle,,,
t5_enfield_r1m2,t5_enfield_up_r1m2,,1250,rifle,,,,,FALSE,FALSE,FALSE,,,FALSE,TRUE,rifle,,,
t5_enfield_r1m3,t5_enfield_up_r1m3,,1250,rifle,,,,,FALSE,FALSE,FALSE,,,FALSE,TRUE,rifle,,,
t5_enfield_r2m0,t5_enfield_up_r2m0,,1250,rifle,,,,,FALSE,FALSE,FALSE,,,FALSE,TRUE,rifle,,,
t5_enfield_r2m1,t5_enfield_up_r2m1,,1250,rifle,,,,,FALSE,FALSE,FALSE,,,FALSE,TRUE,rifle,,,
t5_enfield_r2m2,t5_enfield_up_r2m2,,1250,rifle,,,,,FALSE,FALSE,FALSE,,,FALSE,TRUE,rifle,,,
t5_enfield_r2m3,t5_enfield_up_r2m3,,1250,rifle,,,,,FALSE,FALSE,FALSE,,,FALSE,TRUE,rifle,,,
t9_ak47_r0m0,t9_ak47_up_r0m0,,1500,rifle,,,,,FALSE,FALSE,FALSE,,,FALSE,TRUE,rifle,,,
t9_ak47_r0m1,t9_ak47_up_r0m1,,1500,rifle,,,,,FALSE,FALSE,FALSE,,,FALSE,TRUE,rifle,,,
t9_ak47_r0m2,t9_ak47_up_r0m2,,1500,rifle,,,,,FALSE,FALSE,FALSE,,,FALSE,TRUE,rifle,,,
t9_ak47_r0m3,t9_ak47_up_r0m3,,1500,rifle,,,,,FALSE,FALSE,FALSE,,,FALSE,TRUE,rifle,,,
t9_ak47_r1m0,t9_ak47_up_r1m0,,1500,rifle,,,,,FALSE,FALSE,FALSE,,,FALSE,TRUE,rifle,,,
t9_ak47_r1m1,t9_ak47_up_r1m1,,1500,rifle,,,,,FALSE,FALSE,FALSE,,,FALSE,TRUE,rifle,,,
t9_ak47_r1m2,t9_ak47_up_r1m2,,1500,rifle,,,,,FALSE,FALSE,FALSE,,,FALSE,TRUE,rifle,,,
t9_ak47_r1m3,t9_ak47_up_r1m3,,1500,rifle,,,,,FALSE,FALSE,FALSE,,,FALSE,TRUE,rifle,,,
t9_ak47_r2m0,t9_ak47_up_r2m0,,1500,rifle,,,,,FALSE,FALSE,FALSE,,,FALSE,TRUE,rifle,,,
t9_ak47_r2m1,t9_ak47_up_r2m1,,1500,rifle,,,,,FALSE,FALSE,FALSE,,,FALSE,TRUE,rifle,,,
t9_ak47_r2m2,t9_ak47_up_r2m2,,1500,rifle,,,,,FALSE,FALSE,FALSE,,,FALSE,TRUE,rifle,,,
t9_ak47_r2m3,t9_ak47_up_r2m3,,1500,rifle,,,,,FALSE,FALSE,FALSE,,,FALSE,TRUE,rifle,,,
t6_rpg_b,t6_rpg_up_b,,500,lmg,,,,,FALSE,FALSE,FALSE,,,FALSE,TRUE,lmg,,,
t9_nail_gun_b,t9_nail_gun_up_b,,500,lmg,,,,,FALSE,FALSE,FALSE,,,FALSE,TRUE,lmg,,,
t5_hk21_b,t5_hk21_up_b,,2750,lmg,,,,,FALSE,FALSE,FALSE,,,FALSE,TRUE,lmg,,,
t6_death_machine_p0,t6_death_machine_up_p0,,5000,lmg,,,,,FALSE,FALSE,FALSE,,,FALSE,TRUE,lmg,,,
t6_death_machine_p1,t6_death_machine_up_p1,,5000,lmg,,,,,FALSE,FALSE,FALSE,,,FALSE,TRUE,lmg,,,
t6_death_machine_p2,t6_death_machine_up_p2,,5000,lmg,,,,,FALSE,FALSE,FALSE,,,FALSE,TRUE,lmg,,,
iw7_udm_b,iw7_udm_up_b,,500,pistol,,,,,FALSE,FALSE,FALSE,,,FALSE,TRUE,pistol,,,
t8_rk7_b,t8_rk7_up_b,,500,pistol,,,,,FALSE,FALSE,FALSE,,,FALSE,TRUE,pistol,,,
t9_me_wakizashi_k0,t9_me_wakizashi_up_k0,,3000,wpck_bowie,,,,,FALSE,FALSE,FALSE,,,FALSE,FALSE,special,,,
t9_me_wakizashi_k1,t9_me_wakizashi_up_k1,,3000,wpck_bowie,,,,,FALSE,FALSE,FALSE,,,FALSE,FALSE,special,,,
t9_me_wakizashi_k2,t9_me_wakizashi_up_k2,,3000,wpck_bowie,,,,,FALSE,FALSE,FALSE,,,FALSE,FALSE,special,,,
t9_me_wakizashi_k3,t9_me_wakizashi_up_k3,,3000,wpck_bowie,,,,,FALSE,FALSE,FALSE,,,FALSE,FALSE,special,,,
t9_me_wakizashi_k4,t9_me_wakizashi_up_k4,,3000,wpck_bowie,,,,,FALSE,FALSE,FALSE,,,FALSE,FALSE,special,,,
t9_me_wakizashi_k5,t9_me_wakizashi_up_k5,,3000,wpck_bowie,,,,,FALSE,FALSE,FALSE,,,FALSE,FALSE,special,,,
leviathan_k0,leviathan_up_k0,,3000,wpck_bowie,,,,,FALSE,FALSE,FALSE,,,FALSE,FALSE,special,,,
leviathan_k1,leviathan_up_k1,,3000,wpck_bowie,,,,,FALSE,FALSE,FALSE,,,FALSE,FALSE,special,,,
leviathan_k2,leviathan_up_k2,,3000,wpck_bowie,,,,,FALSE,FALSE,FALSE,,,FALSE,FALSE,special,,,
leviathan_k3,leviathan_up_k3,,3000,wpck_bowie,,,,,FALSE,FALSE,FALSE,,,FALSE,FALSE,special,,,
leviathan_k4,leviathan_up_k4,,3000,wpck_bowie,,,,,FALSE,FALSE,FALSE,,,FALSE,FALSE,special,,,
leviathan_k5,leviathan_up_k5,,3000,wpck_bowie,,,,,FALSE,FALSE,FALSE,,,FALSE,FALSE,special,,,
