Name,FileSpec,Template,Loadspec,Secondary,VolumeGroup,VolMin,VolMax,DistMin,DistMaxDry,DistMaxWet,DryMaxCurve,WetMaxCurve,DryMinCurve,WetMinCurve,LimitCount,LimitType,EntityLimitCount,EntityLimitType,PitchMin,PitchMax,PriorityMin,PriorityMax,PriorityThresholdMin,PriorityThresholdMax,PanType,Storage,Looping,RandomizeType,Probability,StartDelay,ReverbSend,Duck,Pan,CenterSend,EnvelopMin,EnvelopMax,EnvelopPercent,OcclusionLevel,IsBig,DistanceLpf,FluxType,FluxTime,Subtitle,Doppler,Futz,ContextType,ContextValue,Compression,Timescale,IsMusic,FadeIn,FadeOut,Pauseable,StopOnEntDeath,Bus,FutzPatch,NeverPlayTwice,WiiUMono,IsCinematic,DuckGroup,DopplerScale,GPAD,GPADOnly

#  WPN - WEAPON SOUND TEMPLATES,,,,,,,,,,,,,,,,,,,,,,,,,,,,,,,,,,,,,,,,,,,,,,,,,,,,,,,,,,,,,,,
GRP_WPN,,,,,grp_weapon,90,90,,,,default,default,default,default,2,oldest,,,0,0,100,100,0,1,2d,,,,,,0,,wpn_all,,,,,,,,,,,,,,,,,no,,,no,,,,,yes,,snp_wpn_1p,,,
GRP_WPN_3P,,,,,grp_weapon_3p,90,90,,,,default,default,default,default,2,oldest,,,0,0,100,100,0,1,3d,,,,,,1,,wpn_all,,,,,,,,,,,,,,,,,no,,,no,,,,,yes,,snp_wpn_3p,,,
GRP_WPN_DECAY_3P,,,,,grp_weapon_decay_3p,90,90,,,,default,default,default,default,2,oldest,,,0,0,100,100,0,1,3d,,,,,,2,,wpn_all,,,,,,,,,,,,,,,,,no,,,no,,,,,yes,,snp_wpn_3p_decay,,,
GRP_WPN_WHIZBY,,,,,grp_whizby,60,60,,,,default,default,default,default,2,oldest,,,0,0,100,100,0,1,3d,,,,,,3,,wpn_all,,,,,,,,,,,,,,,,,no,,,no,,,,,yes,,snp_whizby,,,
GRP_WPN_LFE,,,,,grp_wpn_lfe,50,100,,,,default,default,default,default,2,oldest,,,0,0,100,100,0,1,3d,,,,,,4,,lfe,,,,,,,,,,,,,,,,,no,,,no,,,,,yes,,snp_never_duck,,,
GRP_WPN_FOLEY,,,,,grp_foley,90,90,,,,default,default,default,default,2,oldest,,,0,0,100,100,0,1,3d,,,,,,5,,wpn_all,,,,,,,,,,,,,,,,,no,,,no,,,,,yes,,snp_foley,,,
WPN_SHOT_PLR,,,,,grp_weapon,90,90,,,,,,,,2,oldest,,,0,0,90,90,0.25,1,2d,,,,,,100,,wpn_all,,,,,,,no,,,,,,,,,yes,,,,,,bus_fx,,,,,snp_wpn_1p_shot,,,
WPN_ACT_PLR,,,,,grp_weapon,90,90,,,,,,,,3,oldest,,,0,0,90,90,0.25,1,2d,,,,,,100,,wpn_fnt,,,,,,,no,,,,,,,,,yes,,,,,,bus_fx,,,,,snp_wpn_1p_act,,,
WPN_RING_PLR,,,,,grp_weapon,90,90,,,,,,,,3,oldest,,,0,0,90,90,0.25,1,2d,,,,,,100,,wpn_fnt,,,,,,,no,,,,,,ringoff_plr,outdoor,,yes,,,,,,bus_fx,,,,,snp_wpn_1p,,,
WPN_PLR_FLUX_L,,,,,grp_weapon_decay_3p,96,97,50,1800,,rcurve2,,,,3,oldest,,,-200,200,20,90,0.25,1,3d,,,pitch,,,0,,,,,,,,,no,left_shot,2000,,,,,,,yes,,,,,,bus_fx,,,,,snp_wpn_1p,,,
WPN_PLR_FLUX_R,,,,,grp_weapon_decay_3p,96,97,50,1800,,rcurve2,,,,3,oldest,,,-200,200,20,90,0.25,1,3d,,,pitch,,,0,,,,,,,,,no,right_shot,2000,,,,,,,yes,,,,,,bus_fx,,,,,snp_wpn_1p,,,
WPN_RELOAD_PLR,,,,,grp_weapon,90,90,,,,,,,,,,,,-88,84,70,70,0.25,1,2d,,,,,,88,,,,,,,,,,,,,,,,,,yes,,,,,,bus_fx,,,,,snp_wpn_1p,,,
WPN_SHOT_NPC,,,,,grp_weapon_3p,90,90,500,4000,5000,rcurve3,rcurve2,,,10,priority,3,oldest,-100,100,40,90,0.25,1,3d,,,pitch,,,100,,,,,,,,,no,,,,,,,,,yes,,,,,,bus_fx,,,,,snp_wpn_3p,,,
WPN_ACT_NPC,,,,,grp_weapon_3p,1,1,250,750,1000,rcurve2,rcurve1,,,10,priority,3,oldest,-100,100,40,90,0.25,1,3d,,,pitch,,,90,,,,,,,,,no,,,,,,,,,yes,,,,,,bus_fx,,,,,snp_wpn_3p,,,
WPN_DIST_NPC,,,,,grp_weapon_decay_3p,99,99,1200,20000,25000,cos,,sin,,10,priority,3,oldest,-100,100,40,90,0.25,1,3d,,,pitch,,,100,,,,,,,,,no,,,,,,,,,yes,,,,,,bus_fx,,,,,snp_wpn_3p_decay,,,
WPN_NPC_FLUX_L,,,,,grp_weapon_decay_3p,96,97,50,1800,,rcurve1,,,,,,8,oldest,-200,350,20,90,0.25,1,3d,,,pitch,,,0,,,,,,,,,no,left_shot,3000,,,,,,,yes,,,,,,bus_fx,,,,,snp_wpn_3p_decay,,,
WPN_NPC_FLUX_R,,,,,grp_weapon_decay_3p,96,97,50,1800,,rcurve1,,,,,,8,oldest,-200,350,20,90,0.25,1,3d,,,pitch,,,0,,,,,,,,,no,right_shot,3000,,,,,,,yes,,,,,,bus_fx,,,,,snp_wpn_3p_decay,,,
WPN_PAP_SHOT_PLR,,,,,grp_weapon,90,90,,,,rcurve3,,,,1,oldest,,,0,0,90,90,0.25,1,2d,,,,,,100,,wpn_all,,,,,,,no,,,,,,,,,yes,,,,,,bus_fx,,,,,snp_wpn_1p_shot,,,
WPN_PAP_SHOT_NPC,,,,,grp_weapon_3p,98,98,150,2500,,rcurve2,rcurve2,,,10,priority,3,oldest,-100,100,50,90,0.35,1,3d,,,pitch,,,100,,,,,,,,,no,,,,,,,,,yes,,,,,,bus_fx,,,,,snp_wpn_3p,,,
WPN_PAP_FLUX_L,,,,,grp_weapon_decay_3p,95,95,50,1800,,rcurve2,,,,4,priority,,,-34,34,90,90,0.25,1,3d,,,pitch,,,94,,,,,,,,,no,left_shot,4000,,,,,,,yes,,,,,,bus_fx,,,,,snp_wpn_1p,,,
WPN_PAP_FLUX_R,,,,,grp_weapon_decay_3p,95,95,50,1800,,rcurve2,,,,4,priority,,,-34,34,90,90,0.25,1,3d,,,pitch,,,94,,,,,,,,,no,right_shot,4000,,,,,,,yes,,,,,,bus_fx,,,,,snp_wpn_1p,,,